filepath,extracted,checked,size_gb,is_valid_file
/Users/florianoswald/actions-runner/_work/JPE-Rivera-20251367/JPE-Rivera-20251367/replication-package/draft_marketresponse_final_revised.pdf,true,true,0.014012679,true
/Users/florianoswald/actions-runner/_work/JPE-Rivera-20251367/JPE-Rivera-20251367/replication-package/results/exploration/fas_IV.pdf,true,true,9.31e-6,true
/Users/florianoswald/actions-runner/_work/JPE-Rivera-20251367/JPE-Rivera-20251367/replication-package/results/exploration/plot_IV.pdf,true,true,9.485e-6,true
/Users/florianoswald/actions-runner/_work/JPE-Rivera-20251367/JPE-Rivera-20251367/replication-package/results/figures/IBES_buy_diff_recommendations_strong.pdf,true,true,6.4671e-5,true
/Users/florianoswald/actions-runner/_work/JPE-Rivera-20251367/JPE-Rivera-20251367/replication-package/results/figures/IBES_buy_diff_recommendations_weak.pdf,true,true,5.0334e-5,true
/Users/florianoswald/actions-runner/_work/JPE-Rivera-20251367/JPE-Rivera-20251367/replication-package/results/figures/SDID_CAR_BLM_21days.pdf,true,true,6.8638e-5,true
/Users/florianoswald/actions-runner/_work/JPE-Rivera-20251367/JPE-Rivera-20251367/replication-package/results/figures/SDID_CAR_MassShooting_21days.pdf,true,true,6.8278e-5,true
/Users/florianoswald/actions-runner/_work/JPE-Rivera-20251367/JPE-Rivera-20251367/replication-package/results/figures/SDID_CAR_MassShooting_SW_21days.pdf,true,true,3.9799e-5,true
/Users/florianoswald/actions-runner/_work/JPE-Rivera-20251367/JPE-Rivera-20251367/replication-package/results/figures/SDID_CAR_MassShooting_Virtra_21days.pdf,true,true,4.2784e-5,true
/Users/florianoswald/actions-runner/_work/JPE-Rivera-20251367/JPE-Rivera-20251367/replication-package/results/figures/SDID_CAR_MassShooting_Vista_21days.pdf,true,true,3.9904e-5,true
/Users/florianoswald/actions-runner/_work/JPE-Rivera-20251367/JPE-Rivera-20251367/replication-package/results/figures/SDID_CAR_adl_21days.pdf,true,true,6.8636e-5,true
/Users/florianoswald/actions-runner/_work/JPE-Rivera-20251367/JPE-Rivera-20251367/replication-package/results/figures/all_placebos_compared.pdf,true,true,6.136e-6,true
/Users/florianoswald/actions-runner/_work/JPE-Rivera-20251367/JPE-Rivera-20251367/replication-package/results/figures/connected_cutoff.pdf,true,true,1.124e-5,true
/Users/florianoswald/actions-runner/_work/JPE-Rivera-20251367/JPE-Rivera-20251367/replication-package/results/figures/connected_cutoff_appx.pdf,true,true,1.1243e-5,true
/Users/florianoswald/actions-runner/_work/JPE-Rivera-20251367/JPE-Rivera-20251367/replication-package/results/figures/short_SDID_CAR_GF.pdf,true,true,2.7161e-5,true
/Users/florianoswald/actions-runner/_work/JPE-Rivera-20251367/JPE-Rivera-20251367/replication-package/results/figures/v3_SC_CAR_event0_21days.pdf,true,true,4.3672e-5,true
/Users/florianoswald/actions-runner/_work/JPE-Rivera-20251367/JPE-Rivera-20251367/replication-package/results/figures/v3_SC_CAR_event0_21days_full.pdf,true,true,6.037e-5,true
/Users/florianoswald/actions-runner/_work/JPE-Rivera-20251367/JPE-Rivera-20251367/replication-package/results/figures/v3_SC_CAR_event1_21days.pdf,true,true,4.3559e-5,true
/Users/florianoswald/actions-runner/_work/JPE-Rivera-20251367/JPE-Rivera-20251367/replication-package/results/figures/v3_SC_CAR_event1_21days_full.pdf,true,true,6.0744e-5,true
/Users/florianoswald/actions-runner/_work/JPE-Rivera-20251367/JPE-Rivera-20251367/replication-package/results/figures/v3_SC_CAR_event2_21days.pdf,true,true,4.3702e-5,true
/Users/florianoswald/actions-runner/_work/JPE-Rivera-20251367/JPE-Rivera-20251367/replication-package/results/figures/v3_SC_CAR_event2_21days_full.pdf,true,true,6.1298e-5,true
/Users/florianoswald/actions-runner/_work/JPE-Rivera-20251367/JPE-Rivera-20251367/replication-package/results/figures/v3_SC_CAR_event3_21days.pdf,true,true,4.4173e-5,true
/Users/florianoswald/actions-runner/_work/JPE-Rivera-20251367/JPE-Rivera-20251367/replication-package/results/figures/v3_SC_CAR_event3_21days_full.pdf,true,true,6.1032e-5,true
/Users/florianoswald/actions-runner/_work/JPE-Rivera-20251367/JPE-Rivera-20251367/replication-package/results/figures/v3_SC_CAR_event4_21days.pdf,true,true,4.3992e-5,true
/Users/florianoswald/actions-runner/_work/JPE-Rivera-20251367/JPE-Rivera-20251367/replication-package/results/figures/v3_SC_CAR_event4_21days_full.pdf,true,true,6.1236e-5,true
/Users/florianoswald/actions-runner/_work/JPE-Rivera-20251367/JPE-Rivera-20251367/replication-package/results/figures/v3_SC_CAR_event5_21days.pdf,true,true,4.3475e-5,true
/Users/florianoswald/actions-runner/_work/JPE-Rivera-20251367/JPE-Rivera-20251367/replication-package/results/figures/v3_SC_CAR_event5_21days_full.pdf,true,true,6.1089e-5,true
/Users/florianoswald/actions-runner/_work/JPE-Rivera-20251367/JPE-Rivera-20251367/replication-package/results/figures/v3_SC_CAR_event6_21days.pdf,true,true,4.4485e-5,true
/Users/florianoswald/actions-runner/_work/JPE-Rivera-20251367/JPE-Rivera-20251367/replication-package/results/figures/v3_SC_CAR_event6_21days_full.pdf,true,true,6.3039e-5,true
/Users/florianoswald/actions-runner/_work/JPE-Rivera-20251367/JPE-Rivera-20251367/replication-package/results/figures/v3_SC_gcogs.pdf,true,true,1.0187e-5,true
/Users/florianoswald/actions-runner/_work/JPE-Rivera-20251367/JPE-Rivera-20251367/replication-package/results/figures/v3_SC_gsale.pdf,true,true,1.0216e-5,true
/Users/florianoswald/actions-runner/_work/JPE-Rivera-20251367/JPE-Rivera-20251367/replication-package/results/figures/v3_SDID_CAR_Bottom_pooled_Products_21days.pdf,true,true,1.318e-5,true
/Users/florianoswald/actions-runner/_work/JPE-Rivera-20251367/JPE-Rivera-20251367/replication-package/results/figures/v3_SDID_CAR_Bottom_postGF_Products_21days.pdf,true,true,1.3201e-5,true
/Users/florianoswald/actions-runner/_work/JPE-Rivera-20251367/JPE-Rivera-20251367/replication-package/results/figures/v3_SDID_CAR_Top_pooled_Products_21days.pdf,true,true,1.4865e-5,true
/Users/florianoswald/actions-runner/_work/JPE-Rivera-20251367/JPE-Rivera-20251367/replication-package/results/figures/v3_SDID_CAR_Top_postGF_Products_21days.pdf,true,true,1.5365e-5,true
/Users/florianoswald/actions-runner/_work/JPE-Rivera-20251367/JPE-Rivera-20251367/replication-package/results/figures/v3_SDID_CAR_event0_21days.pdf,true,true,4.2902e-5,true
/Users/florianoswald/actions-runner/_work/JPE-Rivera-20251367/JPE-Rivera-20251367/replication-package/results/figures/v3_SDID_CAR_event0_21days_full.pdf,true,true,6.7601e-5,true
/Users/florianoswald/actions-runner/_work/JPE-Rivera-20251367/JPE-Rivera-20251367/replication-package/results/figures/v3_SDID_CAR_event1_21days.pdf,true,true,4.3201e-5,true
/Users/florianoswald/actions-runner/_work/JPE-Rivera-20251367/JPE-Rivera-20251367/replication-package/results/figures/v3_SDID_CAR_event1_21days_full.pdf,true,true,6.7649e-5,true
/Users/florianoswald/actions-runner/_work/JPE-Rivera-20251367/JPE-Rivera-20251367/replication-package/results/figures/v3_SDID_CAR_event2_21days.pdf,true,true,4.3469e-5,true
/Users/florianoswald/actions-runner/_work/JPE-Rivera-20251367/JPE-Rivera-20251367/replication-package/results/figures/v3_SDID_CAR_event2_21days_full.pdf,true,true,6.7775e-5,true
/Users/florianoswald/actions-runner/_work/JPE-Rivera-20251367/JPE-Rivera-20251367/replication-package/results/figures/v3_SDID_CAR_event3_21days.pdf,true,true,4.3089e-5,true
/Users/florianoswald/actions-runner/_work/JPE-Rivera-20251367/JPE-Rivera-20251367/replication-package/results/figures/v3_SDID_CAR_event3_21days_full.pdf,true,true,6.8286e-5,true
/Users/florianoswald/actions-runner/_work/JPE-Rivera-20251367/JPE-Rivera-20251367/replication-package/results/figures/v3_SDID_CAR_event4_21days.pdf,true,true,4.3679e-5,true
/Users/florianoswald/actions-runner/_work/JPE-Rivera-20251367/JPE-Rivera-20251367/replication-package/results/figures/v3_SDID_CAR_event4_21days_full.pdf,true,true,6.85e-5,true
/Users/florianoswald/actions-runner/_work/JPE-Rivera-20251367/JPE-Rivera-20251367/replication-package/results/figures/v3_SDID_CAR_event5_21days.pdf,true,true,4.3369e-5,true
/Users/florianoswald/actions-runner/_work/JPE-Rivera-20251367/JPE-Rivera-20251367/replication-package/results/figures/v3_SDID_CAR_event5_21days_full.pdf,true,true,6.7944e-5,true
/Users/florianoswald/actions-runner/_work/JPE-Rivera-20251367/JPE-Rivera-20251367/replication-package/results/figures/v3_SDID_CAR_event6_21days.pdf,true,true,4.3582e-5,true
/Users/florianoswald/actions-runner/_work/JPE-Rivera-20251367/JPE-Rivera-20251367/replication-package/results/figures/v3_SDID_CAR_event6_21days_full.pdf,true,true,7.0215e-5,true
/Users/florianoswald/actions-runner/_work/JPE-Rivera-20251367/JPE-Rivera-20251367/replication-package/results/figures/v3_SDID_CAR_event7_21days.pdf,true,true,4.8478e-5,true
/Users/florianoswald/actions-runner/_work/JPE-Rivera-20251367/JPE-Rivera-20251367/replication-package/results/figures/v3_SDID_CAR_event7_21days_full_short.pdf,true,true,6.918e-5,true
/Users/florianoswald/actions-runner/_work/JPE-Rivera-20251367/JPE-Rivera-20251367/replication-package/results/figures/v3_SDID_CAR_event_21days_ByEvents.pdf,true,true,2.2904e-5,true
/Users/florianoswald/actions-runner/_work/JPE-Rivera-20251367/JPE-Rivera-20251367/replication-package/results/figures/v3_SDID_CAR_long_equally_strong.pdf,true,true,9.957e-5,true
/Users/florianoswald/actions-runner/_work/JPE-Rivera-20251367/JPE-Rivera-20251367/replication-package/results/figures/v3_SDID_CAR_long_equally_weak.pdf,true,true,8.3461e-5,true
/Users/florianoswald/actions-runner/_work/JPE-Rivera-20251367/JPE-Rivera-20251367/replication-package/results/figures/v3_SDID_CAR_long_strong.pdf,true,true,0.000100221,true
/Users/florianoswald/actions-runner/_work/JPE-Rivera-20251367/JPE-Rivera-20251367/replication-package/results/figures/v3_SDID_CAR_long_weak.pdf,true,true,8.4354e-5,true
/Users/florianoswald/actions-runner/_work/JPE-Rivera-20251367/JPE-Rivera-20251367/replication-package/results/figures/v3_SDID_CAR_longterm_SDIDvsSC.pdf,true,true,2.8158e-5,true
/Users/florianoswald/actions-runner/_work/JPE-Rivera-20251367/JPE-Rivera-20251367/replication-package/results/figures/v3_SDID_capm_ff4_return_strong.pdf,true,true,2.7404e-5,true
/Users/florianoswald/actions-runner/_work/JPE-Rivera-20251367/JPE-Rivera-20251367/replication-package/results/figures/v3_SDID_capm_ff4_return_weak.pdf,true,true,3.091e-5,true
/Users/florianoswald/actions-runner/_work/JPE-Rivera-20251367/JPE-Rivera-20251367/replication-package/results/figures/v3_SDID_cutoff_return_strong.pdf,true,true,2.2298e-5,true
/Users/florianoswald/actions-runner/_work/JPE-Rivera-20251367/JPE-Rivera-20251367/replication-package/results/figures/v3_SDID_cutoff_return_weak.pdf,true,true,3.2334e-5,true
/Users/florianoswald/actions-runner/_work/JPE-Rivera-20251367/JPE-Rivera-20251367/replication-package/results/figures/v3_SDID_gcogs.pdf,true,true,1.0173e-5,true
/Users/florianoswald/actions-runner/_work/JPE-Rivera-20251367/JPE-Rivera-20251367/replication-package/results/figures/v3_SDID_gsale.pdf,true,true,1.0202e-5,true
/Users/florianoswald/actions-runner/_work/JPE-Rivera-20251367/JPE-Rivera-20251367/replication-package/results/figures/v3_descrip_exret.pdf,true,true,2.4279e-5,true
/Users/florianoswald/actions-runner/_work/JPE-Rivera-20251367/JPE-Rivera-20251367/replication-package/results/figures/v3_strong_gvt_event_21days_ByEvents.pdf,true,true,2.7526e-5,true
/Users/florianoswald/actions-runner/_work/JPE-Rivera-20251367/JPE-Rivera-20251367/replication-package/results/figures/v3_timeline_twitter.pdf,true,true,7.8122e-5,true
/Users/florianoswald/actions-runner/_work/JPE-Rivera-20251367/JPE-Rivera-20251367/replication-package/results/figures/v3_weak_gvt_event_21days_ByEvents.pdf,true,true,2.7167e-5,true
/Users/florianoswald/actions-runner/_work/JPE-Rivera-20251367/JPE-Rivera-20251367/replication-package/results/figures/minority/SDID_minority_21days_ByEvents.pdf,true,true,2.7971e-5,true
/Users/florianoswald/actions-runner/_work/JPE-Rivera-20251367/JPE-Rivera-20251367/replication-package/results/figures/minority/SDID_minority_event0_21days.pdf,true,true,9.5251e-5,true
/Users/florianoswald/actions-runner/_work/JPE-Rivera-20251367/JPE-Rivera-20251367/replication-package/results/figures/minority/SDID_minority_event1_21days.pdf,true,true,9.4655e-5,true
/Users/florianoswald/actions-runner/_work/JPE-Rivera-20251367/JPE-Rivera-20251367/replication-package/results/figures/minority/SDID_minority_event2_21days.pdf,true,true,9.4527e-5,true
/Users/florianoswald/actions-runner/_work/JPE-Rivera-20251367/JPE-Rivera-20251367/replication-package/results/figures/minority/SDID_minority_event3_21days.pdf,true,true,9.4017e-5,true
/Users/florianoswald/actions-runner/_work/JPE-Rivera-20251367/JPE-Rivera-20251367/replication-package/results/figures/minority/SDID_minority_event4_21days.pdf,true,true,9.3966e-5,true
/Users/florianoswald/actions-runner/_work/JPE-Rivera-20251367/JPE-Rivera-20251367/replication-package/results/figures/minority/SDID_minority_event5_21days.pdf,true,true,9.4692e-5,true
/Users/florianoswald/actions-runner/_work/JPE-Rivera-20251367/JPE-Rivera-20251367/replication-package/results/figures/minority/SDID_minority_event6_21days.pdf,true,true,0.000101465,true
/Users/florianoswald/actions-runner/_work/JPE-Rivera-20251367/JPE-Rivera-20251367/replication-package/results/figures/minority/SDID_minority_event7_21days.pdf,true,true,9.5218e-5,true
/Users/florianoswald/actions-runner/_work/JPE-Rivera-20251367/JPE-Rivera-20251367/replication-package/results/figures/private_security/SDID_private_security_0.pdf,true,true,2.7001e-5,true
/Users/florianoswald/actions-runner/_work/JPE-Rivera-20251367/JPE-Rivera-20251367/replication-package/results/figures/private_security/SDID_private_security_1.pdf,true,true,2.7562e-5,true
/Users/florianoswald/actions-runner/_work/JPE-Rivera-20251367/JPE-Rivera-20251367/replication-package/results/figures/private_security/SDID_private_security_2.pdf,true,true,2.7121e-5,true
/Users/florianoswald/actions-runner/_work/JPE-Rivera-20251367/JPE-Rivera-20251367/replication-package/results/figures/private_security/SDID_private_security_3.pdf,true,true,2.708e-5,true
/Users/florianoswald/actions-runner/_work/JPE-Rivera-20251367/JPE-Rivera-20251367/replication-package/results/figures/private_security/SDID_private_security_4.pdf,true,true,2.7465e-5,true
/Users/florianoswald/actions-runner/_work/JPE-Rivera-20251367/JPE-Rivera-20251367/replication-package/results/figures/private_security/SDID_private_security_5.pdf,true,true,2.7524e-5,true
/Users/florianoswald/actions-runner/_work/JPE-Rivera-20251367/JPE-Rivera-20251367/replication-package/results/figures/private_security/SDID_private_security_6.pdf,true,true,2.7579e-5,true
/Users/florianoswald/actions-runner/_work/JPE-Rivera-20251367/JPE-Rivera-20251367/replication-package/results/figures/private_security/SDID_private_security_7.pdf,true,true,2.7043e-5,true
/Users/florianoswald/actions-runner/_work/JPE-Rivera-20251367/JPE-Rivera-20251367/replication-package/results/figures/private_security/SDID_private_security_isc_0.pdf,true,true,2.7346e-5,true
/Users/florianoswald/actions-runner/_work/JPE-Rivera-20251367/JPE-Rivera-20251367/replication-package/results/figures/private_security/SDID_private_security_isc_1.pdf,true,true,2.7242e-5,true
/Users/florianoswald/actions-runner/_work/JPE-Rivera-20251367/JPE-Rivera-20251367/replication-package/results/figures/private_security/SDID_private_security_isc_2.pdf,true,true,2.7293e-5,true
/Users/florianoswald/actions-runner/_work/JPE-Rivera-20251367/JPE-Rivera-20251367/replication-package/results/figures/private_security/SDID_private_security_isc_3.pdf,true,true,2.7167e-5,true
/Users/florianoswald/actions-runner/_work/JPE-Rivera-20251367/JPE-Rivera-20251367/replication-package/results/figures/private_security/SDID_private_security_isc_4.pdf,true,true,2.7425e-5,true
/Users/florianoswald/actions-runner/_work/JPE-Rivera-20251367/JPE-Rivera-20251367/replication-package/results/figures/private_security/SDID_private_security_isc_5.pdf,true,true,2.7007e-5,true
/Users/florianoswald/actions-runner/_work/JPE-Rivera-20251367/JPE-Rivera-20251367/replication-package/results/figures/private_security/SDID_private_security_isc_6.pdf,true,true,2.7612e-5,true
/Users/florianoswald/actions-runner/_work/JPE-Rivera-20251367/JPE-Rivera-20251367/replication-package/results/figures/private_security/SDID_private_security_isc_7.pdf,true,true,2.7025e-5,true
/Users/florianoswald/actions-runner/_work/JPE-Rivera-20251367/JPE-Rivera-20251367/replication-package/results/figures/private_security/SDID_ps_CAR_event.pdf,true,true,2.3822e-5,true
/Users/florianoswald/actions-runner/_work/JPE-Rivera-20251367/JPE-Rivera-20251367/replication-package/results/figures/private_security/SDID_ps_isc_CAR_event.pdf,true,true,2.5763e-5,true
/Users/florianoswald/actions-runner/_work/JPE-Rivera-20251367/JPE-Rivera-20251367/replication-package/results/manual_tables/blm_website_screenshot_short.pdf,true,true,0.010926024,true
/Users/florianoswald/actions-runner/_work/JPE-Rivera-20251367/JPE-Rivera-20251367/replication-package/CODEBOOK.md,true,true,0.000788425,true
/Users/florianoswald/actions-runner/_work/JPE-Rivera-20251367/JPE-Rivera-20251367/replication-package/README.md,true,true,4.0889e-5,true
